{
  "chi2_statistic": 0.10759140905584423,
  "p_value": 0.7429031231864497,
  "degrees_of_freedom": 1,
  "significant": false,
  "test_performed": true
}