,num_repairs,num_turns,mean_words_per_turn,unresolved_count
num_repairs,1.0,0.7057787169769592,-0.08511340142450324,
num_turns,0.7057787169769592,1.0,0.09561011233302856,
mean_words_per_turn,-0.08511340142450324,0.09561011233302856,1.0,
unresolved_count,,,,
