,num_repairs,num_turns,mean_words_per_turn,unresolved_count
num_repairs,1.0,0.3649263617361291,-0.04191371801489372,0.275311366382326
num_turns,0.3649263617361291,1.0,-0.03575612380248362,0.087630782857444
mean_words_per_turn,-0.04191371801489372,-0.03575612380248362,1.0,-0.11882088582550172
unresolved_count,0.275311366382326,0.087630782857444,-0.11882088582550172,1.0
