,proficiency_numeric,num_repairs,num_turns,mean_words_per_turn,unresolved_count,li_count,bi_count
proficiency_numeric,1.0,0.2676821708079537,0.18521185259867776,0.02859874646193328,,0.16046438126990042,0.2168454370598276
num_repairs,0.2676821708079537,1.0,0.7057787169769592,-0.08511340142450324,,0.7704114566847249,0.594467593952633
num_turns,0.18521185259867776,0.7057787169769592,1.0,0.09561011233302856,,0.6185726068767201,0.3251783888998344
mean_words_per_turn,0.02859874646193328,-0.08511340142450324,0.09561011233302856,1.0,,-0.41631387398509767,0.3917829755460384
unresolved_count,,,,,,,
li_count,0.16046438126990042,0.7704114566847249,0.6185726068767201,-0.41631387398509767,,1.0,-0.054679379682724495
bi_count,0.2168454370598276,0.594467593952633,0.3251783888998344,0.3917829755460384,,-0.054679379682724495,1.0
